Id,class_0,class_1
00eed32682bb,0.28564963,0.71435034
010ebe33f668,0.28564963,0.71435034
02fa521e1838,0.28564963,0.71435034
040e15f562a2,0.28564963,0.71435034
046e85c7cc7f,0.28564963,0.71435034
